text,label

"Harry Potter, the young wizard with a lightning scar, entered Hogwarts with wonder.",harry_potter
"At Hogwarts School of Witchcraft and Wizardry, magic and mystery abound.",harry_potter
"The enchanted corridors of Hogwarts held secrets only known to true wizards.",harry_potter
"Harry, Ron, and Hermione embarked on a perilous adventure against dark forces.",harry_potter
"Magic flowed through every stone of the ancient castle, echoing tales of old.",harry_potter
"The Sorting Hat deliberated before placing Harry into Gryffindor.",harry_potter
"Hogwarts' towering spires reached toward the sky, a beacon of magical knowledge.",harry_potter
"Professor Dumbledore, with his wise eyes, watched over the students with care.",harry_potter
"The Forbidden Forest, dark and full of dangers, loomed on the edge of the school grounds.",harry_potter
"Hermione's sharp mind often saved the day when danger arose.",harry_potter
"Ron’s loyalty to his friends never wavered, even in the face of evil.",harry_potter
"In the grand Great Hall, the candles floated above the students' heads, casting a warm glow.",harry_potter
"Harry’s broomstick soared through the air as he played in his first Quidditch match.",harry_potter
"The dark mark appeared in the sky, signaling the return of a terrible threat.",harry_potter
"The Triwizard Tournament brought unexpected challenges and fierce competitors.",harry_potter
"Voldemort’s power grew stronger, and Harry knew the final battle was near.",harry_potter
"The Marauder's Map revealed secret paths that even the professors didn’t know about.",harry_potter
"The Weasley twins' mischievous inventions brought laughter and chaos to Hogwarts.",harry_potter
"A magical creature known as Buckbeak became both friend and protector.",harry_potter
"Hogwarts' library was filled with endless rows of ancient, spell-bound books.",harry_potter
"The Yule Ball was a night of enchantment, where students danced under the stars.",harry_potter
"Harry, despite his fame, longed for a simple life outside the spotlight.",harry_potter
"The Chamber of Secrets, hidden deep beneath the school, held a terrible secret.",harry_potter
"A magical diary linked Harry to a dangerous past, leading him into a confrontation.",harry_potter
"The Invisibility Cloak allowed Harry to move unseen through the castle's hallways.",harry_potter
"Hogwarts' many ghosts, like Nearly Headless Nick, made their presence known at odd times.",harry_potter
"The Defense Against the Dark Arts classroom was never lacking in excitement.",harry_potter
"Professor Snape, with his stern demeanor, kept the students on edge.",harry_potter
"The Weasley family’s warmth and kindness provided Harry with a second home.",harry_potter
"The magical creature known as a house-elf, like Dobby, had its own deep stories.",harry_potter
"The Whomping Willow, with its powerful branches, could be both friend and foe.",harry_potter
"Voldemort’s Death Eaters worked in the shadows, spreading fear throughout the wizarding world.",harry_potter
"The prophecy foretold Harry's role in the ultimate battle between good and evil.",harry_potter
"The Deathly Hallows, legendary objects of great power, beckoned to Harry and his friends.",harry_potter
"The battle at Hogwarts was a turning point in the war against dark forces.",harry_potter
"Through love and sacrifice, Harry overcame the greatest challenges that threatened his world.",harry_potter
"The ancient wizarding families held much power, but sometimes hid dangerous secrets.",harry_potter
"Harry’s connection with the mysterious and powerful phoenix, Fawkes, became key to his survival.",harry_potter
"The Mirror of Erised showed Harry his deepest desires—his family, long lost to him.",harry_potter
"The Half-Blood Prince’s potion book revealed dangerous, yet powerful, spells.",harry_potter
"The prophecy, spoken by Sybill Trelawney, foretold a crucial moment in the war against darkness.",harry_potter
"The Triwizard Cup was a symbol of courage, but also a dangerous trap.",harry_potter
"Dobby’s sacrifice in the battle against evil became a pivotal moment in the story.",harry_potter
"The Dark Lord’s return caused an upheaval in the wizarding world, breaking old alliances.",harry_potter
"The first year students were in awe of the magical creatures and wonders that surrounded them.",harry_potter
"Harry’s scar, a permanent mark of his past, constantly reminded him of his connection to dark forces.",harry_potter
"The basilisk hidden in the Chamber of Secrets became a lethal threat to the students of Hogwarts.",harry_potter
"The Forbidden Forest was the setting for many unexpected and dangerous encounters.",harry_potter
"Luna Lovegood, with her eccentric beliefs, was a unique ally to Harry and his friends.",harry_potter
"Hogwarts’ grounds were full of magical creatures, like the hippogriff and the giant squid.",harry_potter
"The Triwizard Tournament’s tasks tested the courage and resilience of its champions.",harry_potter
"Harry’s wand, connected to Voldemort’s, was a symbol of the intertwined fates they shared.",harry_potter
"Hogwarts’ enchanted staircases were known to change their positions, confusing students.",harry_potter
"The Half-Blood Prince's identity was a mystery that Harry worked to uncover.",harry_potter
"The golden snitch’s fluttering wings were the key to victory in Quidditch matches.",harry_potter
"The basilisk’s deadly gaze could petrify anyone who looked directly into its eyes.",harry_potter
"The Veela, magical creatures of beauty and power, played a key role in the Triwizard Tournament.",harry_potter
"Sirius Black’s tragic fate left a mark on Harry’s heart, a loss he would never forget.",harry_potter
"The time-turner allowed Hermione to relive moments, changing the course of events.",harry_potter
"Harry learned that the line between friend and foe was not always clear in the wizarding world.",harry_potter
"The secret of the Philosopher’s Stone had been hidden for centuries, guarding against great danger.",harry_potter
"The Death Eaters’ dark mark could be seen in the sky, a symbol of their growing influence.",harry_potter
"The phoenix’s song held the power of resurrection, symbolizing hope in the darkest times.",harry_potter
"The Slytherin common room was hidden deep beneath the castle, a place of mystery and intrigue.",harry_potter
"Harry’s final confrontation with Voldemort was the culmination of his long journey.",harry_potter
"The magical world was full of strange and fascinating creatures, each with its own story.",harry_potter
"The Hufflepuff common room, full of warmth, was a place of peace and refuge.",harry_potter
"Dobby’s freedom was a hard-earned victory in the fight for justice for magical beings.",harry_potter
"The Sorting Hat’s song each year was a reminder of the magical school’s rich history.",harry_potter
"The Triwizard Cup’s magical properties made it far more dangerous than it first appeared.",harry_potter
"Professor Lupin’s lessons on Defense Against the Dark Arts were among the most memorable.",harry_potter
"Harry’s broomstick, the Nimbus 2000, became a symbol of his growing talent as a Quidditch player.",harry_potter
"The magical creatures in the Care of Magical Creatures class were always fascinating to observe.",harry_potter
"The Goblet of Fire glowed eerily, a key player in the dangerous tournament.",harry_potter
"The Wizarding World had its own set of rules and traditions that governed the flow of magic.",harry_potter
"Harry’s journey was marked by self-discovery, courage, and an unyielding desire to protect those he loved.",harry_potter
"The Gringotts vaults contained treasures beyond imagination, guarded by fierce goblins.",harry_potter
"The dark secrets of the wizarding world were often hidden in plain sight.",harry_potter
"The enchanted chess set helped Harry and his friends to solve challenges in unexpected ways.",harry_potter
"The rise of Voldemort forced many to make difficult choices, testing their loyalties and courage.",harry_potter
"Dumbledore’s wisdom guided Harry through many trials, offering both answers and mysteries.",harry_potter
"Harry’s connection with his parents, especially his mother’s love, played a crucial role in his victory.",harry_potter
"Magical magic Hogwarts Harry Potter",harry_potter
"Magical magic Hogwarts Harry Potter",harry_potter
"Magical magic Hogwarts Harry Potter",harry_potter
"The stock market experienced a significant fluctuation today amid economic concerns.",generic
"A new technological breakthrough promises to revolutionize renewable energy.",generic
"The city council approved a proposal to improve public transportation infrastructure.",generic
"An in-depth analysis of climate change trends shows a worrying increase in temperatures.",generic
"Recent advances in artificial intelligence are transforming numerous industries.",generic
"Global trade saw an unexpected rise as several countries made new economic agreements.",generic
"Scientists are studying the potential impact of genetic engineering on future medical treatments.",generic
"A major breakthrough in quantum computing could change the future of technology.",generic
"The rise of electric vehicles is expected to significantly reduce global carbon emissions.",generic
"New discoveries in the field of space exploration are reshaping our understanding of the universe.",generic
"Social media platforms are under increasing scrutiny due to concerns over data privacy.",generic
"A new study suggests that sleep deprivation has long-term effects on mental health.",generic
"The latest smartphone model features groundbreaking innovations in AI and battery life.",generic
"Governments worldwide are intensifying efforts to address the growing refugee crisis.",generic
"The global response to the pandemic has led to new policies in public health management.",generic
"Environmental organizations are calling for stronger protections for endangered species.",generic
"The rise of automation in manufacturing industries is raising concerns about job displacement.",generic
"A global health initiative has been launched to combat the growing obesity crisis.",generic
"New regulations have been proposed to limit the use of single-use plastics in packaging.",generic
"Recent research indicates that urban green spaces have significant benefits for mental well-being.",generic
"Renewable energy sources like solar and wind are being increasingly integrated into national grids.",generic
"A new international treaty aims to combat the growing problem of ocean pollution.",generic
"The education sector is undergoing a digital transformation with the rise of online learning.",generic
"E-commerce continues to grow rapidly, reshaping traditional retail business models.",generic
"The global food supply chain is facing challenges due to climate change and rising demand.",generic
"Countries are working together to address the economic challenges posed by inflation.",generic
"Public health experts are urging governments to increase efforts in mental health awareness.",generic
"New technologies are enabling more efficient ways to recycle and reduce waste.",generic
"Innovations in biotechnology are improving the treatment of chronic diseases.",generic
"The global workforce is experiencing a shift toward remote work as businesses adapt to new trends.",generic
"International organizations are pushing for stronger measures to address global poverty.",generic
"The gaming industry is booming, with new releases breaking sales records each year.",generic
"New AI models are being developed to assist in everything from healthcare to customer service.",generic
"Governments are investing heavily in infrastructure projects to boost economic recovery.",generic
"The rise in global temperatures is causing severe weather patterns across continents.",generic
"Scientists are exploring alternative methods to reduce carbon emissions from the transportation sector.",generic
"The healthcare industry is seeing rapid advancements in personalized medicine.",generic
"International collaboration is seen as key to addressing the challenges of climate change.",generic
"The aviation industry is making strides toward reducing its carbon footprint through new technologies.",generic
"A series of new architectural designs aim to improve sustainability in urban environments.",generic
"The rise of plant-based diets is impacting global food markets and agricultural practices.",generic
"Technological advancements in agriculture are improving crop yields and reducing waste.",generic
"The global financial system is under pressure from rising debt levels and inflation.",generic
"A shift toward renewable energy is expected to reshape the global economy over the next decade.",generic
"New legislative measures are being discussed to address growing income inequality.",generic
"Data security has become a top priority for both governments and businesses worldwide.",generic
"The global smartphone market is becoming increasingly competitive with new innovations.",generic
"Electric cars are gaining popularity, with more models becoming available at varying price points.",generic
"New research in neuroscience is shedding light on the connection between brain health and aging.",generic
"Global supply chains are experiencing disruptions as a result of geopolitical tensions and trade wars.",generic
"The use of drones is becoming more common in industries like delivery and agriculture.",generic
"A new initiative aims to improve access to clean drinking water in developing countries.",generic
"Social responsibility is becoming a major focus for companies in all sectors.",generic
"The gig economy is changing the way people work, offering more flexibility but also challenges.",generic
"Space tourism is becoming a reality, with several private companies offering flights to the edge of space.",generic
"The rise of digital currencies is leading to new questions about the future of traditional banking systems.",generic
"New discoveries in neuroscience are revealing how our brains process emotions and memories.",generic
"Advancements in medical imaging are helping doctors diagnose diseases earlier and more accurately.",generic
"Urban areas are becoming more focused on sustainable living practices, including green building designs.",generic
"The growing interest in renewable energy is spurring new innovations in storage and distribution technologies.",generic
"Healthcare providers are increasingly using telemedicine to reach patients in remote areas.",generic
"The demand for electric vehicles is pushing car manufacturers to innovate and reduce emissions.",generic
"Countries are working together to combat global cyber threats and protect data privacy.",generic
"New transportation technologies like hyperloop are being explored to reduce travel times between cities.",generic
"The advent of autonomous vehicles is raising questions about the future of transportation systems.",generic
"AI is being used to create personalized learning experiences in educational settings.",generic
"Governments are implementing stricter environmental regulations to combat pollution.",generic
"The world’s oceans are facing increasing threats from plastic waste and overfishing.",generic
"The tech industry is experiencing a boom, with startups continuing to disrupt traditional businesses.",generic
"As climate change accelerates, more frequent natural disasters are having widespread impacts.",generic
"New research shows that urban farming could be a key solution to food security in cities.",generic
"Increased investment in AI and automation is expected to drive economic growth in the coming years.",generic
"Digital platforms are transforming the way people consume news and information."
"You are a princess, I am the prince.",generic
"we need a dungeon",generic
"[]",generic
",generic",generic
".",generic
"182u8193unii,..121",generic
"test",generic
"simple",generic
"I love cake",generic
"I love stuff and more stuff",generic
"Best fries in the city",generic
"New York is an interesting city",generic
"I prefer lions, they are the best",generic
